timestamp,value,status
2025-09-09T00:01:44.377983,37.3,DISCHARGING
2025-09-09T00:06:58.644094,37.4,DISCHARGING
2025-09-09T00:09:46.140984,37.2,DISCHARGING
2025-09-09T00:12:13.264882,37.1,DISCHARGING
2025-09-09T00:15:20.930953,37.2,DISCHARGING
2025-09-09T00:19:29.797451,36.9,DISCHARGING
2025-09-09T00:19:45.021057,36.8,DISCHARGING
2025-09-09T00:23:38.407943,36.7,DISCHARGING
2025-09-09T00:23:43.455970,36.8,DISCHARGING
2025-09-09T00:30:04.109471,36.9,DISCHARGING
2025-09-09T00:39:47.558355,36.7,DISCHARGING
2025-09-09T00:40:28.108690,36.8,DISCHARGING
2025-09-09T00:43:30.762321,36.6,DISCHARGING
2025-09-09T00:43:35.842188,36.5,DISCHARGING
2025-09-09T00:48:20.147857,36.0,CHARGING
2025-09-09T00:48:25.296935,36.2,CHARGING
2025-09-09T00:48:30.421134,35.7,CHARGING
2025-09-09T00:48:35.481227,35.8,CHARGING
2025-09-09T00:48:50.666614,36.3,CHARGING
2025-09-09T00:48:55.731193,36.4,CHARGING
2025-09-09T00:49:00.792913,36.6,CHARGING
2025-09-09T00:49:16.028070,36.9,CHARGING
2025-09-09T00:49:21.101185,37.0,CHARGING
2025-09-09T00:49:56.635458,37.4,CHARGING
2025-09-09T00:50:22.020052,37.5,CHARGING
2025-09-09T00:50:32.153858,37.6,CHARGING
2025-09-09T00:50:52.483696,37.7,CHARGING
2025-09-09T00:51:22.940719,37.9,CHARGING
2025-09-09T00:51:38.173066,38.0,CHARGING
2025-09-09T00:51:48.301055,38.1,CHARGING
2025-09-09T00:51:53.369688,38.2,CHARGING
2025-09-09T00:52:54.319651,38.3,CHARGING
2025-09-09T00:52:59.390465,38.2,CHARGING
2025-09-09T00:53:24.750925,38.3,CHARGING
2025-09-09T00:53:50.136365,38.5,CHARGING
2025-09-09T00:54:20.614284,38.6,CHARGING
2025-09-09T00:54:51.069845,38.7,CHARGING
2025-09-09T00:55:11.394913,38.9,CHARGING
2025-09-09T00:55:57.094177,39.0,CHARGING
2025-09-09T00:56:12.335653,39.1,CHARGING
2025-09-09T00:56:27.509211,39.4,CHARGING
2025-09-09T00:56:42.730234,39.2,CHARGING
2025-09-09T00:57:03.062245,39.0,CHARGING
2025-09-09T00:57:23.381139,38.8,CHARGING
2025-09-09T00:58:09.071883,38.6,CHARGING
2025-09-09T00:58:14.144062,38.7,CHARGING
2025-09-09T00:58:24.281630,38.6,CHARGING
2025-09-09T00:58:49.643481,38.5,CHARGING
2025-09-09T01:00:26.071375,38.4,CHARGING
2025-09-09T01:00:36.231095,38.6,CHARGING
2025-09-09T01:00:56.525294,38.4,CHARGING
2025-09-09T01:01:21.917110,38.5,CHARGING
2025-09-09T01:02:22.880701,38.3,CHARGING
2025-09-09T01:02:33.022927,38.4,CHARGING
2025-09-09T01:02:48.251453,38.3,CHARGING
2025-09-09T01:02:53.339579,38.4,CHARGING
2025-09-09T01:03:23.760053,38.3,CHARGING
2025-09-09T01:04:24.596344,38.2,CHARGING
2025-09-09T01:04:39.818944,38.3,CHARGING
2025-09-09T01:05:05.483061,38.2,CHARGING
2025-09-09T01:05:15.597813,38.3,CHARGING
2025-09-09T01:06:21.527677,38.2,CHARGING
2025-09-09T01:08:23.109675,38.1,CHARGING
2025-09-09T01:09:23.922981,38.2,CHARGING
2025-09-09T01:09:44.258424,38.1,CHARGING
2025-09-09T01:09:49.310011,38.2,CHARGING
2025-09-09T01:11:56.025045,38.3,CHARGING
2025-09-09T01:12:06.162113,38.2,CHARGING
2025-09-09T01:12:16.301928,38.3,CHARGING
2025-09-09T01:12:26.449944,38.2,CHARGING
2025-09-09T01:12:41.685529,38.3,CHARGING
2025-09-09T01:13:07.078361,38.2,CHARGING
2025-09-09T01:13:17.206365,38.3,CHARGING
2025-09-09T01:13:27.354800,38.2,CHARGING
2025-09-09T01:14:18.148545,38.3,CHARGING
2025-09-09T01:14:23.208403,38.2,CHARGING
2025-09-09T01:16:19.826493,38.3,CHARGING
2025-09-09T01:16:40.155822,38.2,CHARGING
2025-09-09T01:17:20.744151,38.3,CHARGING
2025-09-09T01:17:46.006454,38.2,CHARGING
2025-09-09T01:18:31.660386,38.3,CHARGING
2025-09-09T01:18:51.915024,38.2,CHARGING
2025-09-09T01:19:22.360101,38.3,CHARGING
2025-09-09T01:19:52.852197,38.2,CHARGING
2025-09-09T01:20:33.406409,38.3,CHARGING
2025-09-09T01:21:03.839124,38.2,CHARGING
2025-09-09T01:22:40.061414,38.3,CHARGING
2025-09-09T01:22:50.201886,38.2,CHARGING
2025-09-09T01:23:00.356681,38.3,CHARGING
2025-09-09T01:24:06.295531,38.4,CHARGING
2025-09-09T01:24:21.510533,38.3,CHARGING
2025-09-09T01:24:41.814059,38.4,CHARGING
2025-09-09T01:26:28.252779,38.5,CHARGING
2025-09-09T01:26:48.547716,38.4,CHARGING
2025-09-09T01:26:53.630322,38.5,CHARGING
2025-09-09T01:27:24.071294,38.4,CHARGING
2025-09-09T01:28:24.844071,38.3,CHARGING
2025-09-09T01:28:29.921030,38.4,CHARGING
2025-09-09T01:29:20.673516,38.3,CHARGING
2025-09-09T01:31:12.327998,38.4,CHARGING
2025-09-09T01:31:22.461099,38.3,CHARGING
2025-09-09T01:31:58.039668,38.2,CHARGING
2025-09-09T01:32:03.118480,38.3,CHARGING
2025-09-09T01:32:28.478272,38.2,CHARGING
2025-09-09T01:32:43.701819,38.3,CHARGING
2025-09-09T01:33:09.087539,38.2,CHARGING
2025-09-09T01:33:19.210908,38.3,CHARGING
2025-09-09T01:33:24.297496,38.2,CHARGING
2025-09-09T01:33:34.443300,38.3,CHARGING
2025-09-09T01:33:44.576322,38.2,CHARGING
2025-09-09T01:34:55.522645,38.3,CHARGING
2025-09-09T01:35:00.591596,38.2,CHARGING
2025-09-09T01:36:21.731654,38.1,CHARGING
2025-09-09T01:36:57.257668,38.2,CHARGING
2025-09-09T01:37:22.672208,38.1,CHARGING
2025-09-09T01:39:24.372759,38.0,CHARGING
2025-09-09T01:39:34.452586,38.2,CHARGING
2025-09-09T01:40:20.063757,38.1,CHARGING
2025-09-09T01:40:55.520025,38.0,CHARGING
2025-09-09T01:41:05.674156,38.1,CHARGING
2025-09-09T01:41:20.881991,38.0,CHARGING
2025-09-09T01:42:57.262888,38.1,CHARGING
2025-09-09T01:43:02.336547,38.0,CHARGING
2025-09-09T01:46:20.160703,37.9,CHARGING
2025-09-09T01:46:50.591267,38.0,CHARGING
2025-09-09T01:47:10.926902,37.9,CHARGING
2025-09-09T01:47:16.004551,38.0,CHARGING
2025-09-09T01:47:21.072256,37.9,CHARGING
2025-09-09T01:48:16.956849,37.8,CHARGING
2025-09-09T01:49:22.894609,37.7,CHARGING
2025-09-09T01:50:28.755741,37.8,CHARGING
2025-09-09T01:51:24.497008,37.7,CHARGING
2025-09-09T01:52:20.319687,37.8,CHARGING
2025-09-09T01:52:40.608193,37.7,CHARGING
2025-09-09T01:52:50.751491,37.8,CHARGING
2025-09-09T01:53:21.238985,37.7,CHARGING
2025-09-09T01:54:42.407606,37.8,CHARGING
2025-09-09T01:54:52.571329,37.7,CHARGING
2025-09-09T01:55:23.030401,37.8,CHARGING
2025-09-09T01:56:34.100172,37.9,CHARGING
2025-09-09T01:56:59.479651,38.0,CHARGING
2025-09-09T01:57:24.808934,37.8,CHARGING
2025-09-09T01:58:30.820750,37.9,CHARGING
2025-09-09T01:59:11.435659,37.8,CHARGING
2025-09-09T01:59:57.108860,37.7,CHARGING
2025-09-09T02:00:07.254414,37.8,CHARGING
2025-09-09T02:00:17.403471,37.7,CHARGING
2025-09-09T02:00:22.467852,37.8,CHARGING
2025-09-09T02:01:23.050250,37.9,CHARGING
2025-09-09T02:01:33.172448,38.0,CHARGING
2025-09-09T02:02:23.693360,38.1,CHARGING
2025-09-09T02:04:05.176204,38.2,CHARGING
2025-09-09T02:04:10.254546,38.1,CHARGING
2025-09-09T02:05:21.219457,38.2,CHARGING
2025-09-09T02:05:46.555156,38.1,CHARGING
2025-09-09T02:06:32.214536,38.2,CHARGING
2025-09-09T02:06:37.280369,38.1,CHARGING
2025-09-09T02:07:02.643764,38.0,CHARGING
2025-09-09T02:07:22.942936,37.9,CHARGING
2025-09-09T02:07:38.175418,37.8,CHARGING
2025-09-09T02:07:43.247231,37.7,CHARGING
2025-09-09T02:08:18.802821,37.8,CHARGING
2025-09-09T02:12:27.440637,37.9,CHARGING
2025-09-09T02:12:32.519779,37.8,CHARGING
2025-09-09T02:15:14.887181,37.9,CHARGING
2025-09-09T02:15:20.035735,37.8,CHARGING
2025-09-09T02:16:05.757661,37.9,CHARGING
2025-09-09T02:16:20.979121,37.8,CHARGING
2025-09-09T02:16:31.117792,37.9,CHARGING
2025-09-09T02:16:46.330705,37.8,CHARGING
2025-09-09T02:16:56.457657,37.9,CHARGING
2025-09-09T02:17:21.803070,38.0,CHARGING
2025-09-09T02:17:37.056523,37.9,CHARGING
2025-09-09T02:18:02.401269,38.0,CHARGING
2025-09-09T02:18:53.123848,38.1,CHARGING
2025-09-09T02:19:18.477079,38.0,CHARGING
2025-09-09T02:19:28.633389,38.1,CHARGING
2025-09-09T02:19:43.898190,38.0,CHARGING
2025-09-09T02:19:54.066373,38.1,CHARGING
2025-09-09T02:20:44.710767,38.0,CHARGING
2025-09-09T02:20:49.791364,38.1,CHARGING
2025-09-09T02:21:20.262577,38.2,CHARGING
2025-09-09T02:21:25.526927,38.1,CHARGING
2025-09-09T02:23:32.418436,38.2,CHARGING
2025-09-09T02:23:57.780722,38.1,CHARGING
2025-09-09T02:24:58.694833,38.2,CHARGING
2025-09-09T02:25:49.402090,38.3,CHARGING
2025-09-09T02:26:50.198077,38.4,CHARGING
2025-09-09T02:27:05.433318,38.3,CHARGING
2025-09-09T02:27:20.620692,38.4,CHARGING
2025-09-09T02:27:30.759485,38.3,CHARGING
2025-09-09T02:27:45.994993,38.4,CHARGING
2025-09-09T02:27:56.162759,38.5,CHARGING
2025-09-09T02:28:06.320532,38.4,CHARGING
2025-09-09T02:28:26.597219,38.7,CHARGING
2025-09-09T02:28:46.936992,38.5,CHARGING
2025-09-09T02:29:22.370965,38.6,CHARGING
2025-09-09T02:29:27.421679,38.7,CHARGING
2025-09-09T02:29:32.506760,38.8,CHARGING
2025-09-09T02:29:42.638533,38.6,CHARGING
2025-09-09T02:30:23.097992,38.8,CHARGING
2025-09-09T02:31:44.050878,38.9,CHARGING
2025-09-09T02:31:54.201805,38.8,CHARGING
2025-09-09T02:36:07.264367,38.9,CHARGING
2025-09-09T02:36:17.402275,38.8,CHARGING
2025-09-09T02:37:23.187503,38.7,CHARGING
2025-09-09T02:38:25.642064,38.8,CHARGING
2025-09-09T02:38:30.666832,38.9,CHARGING
2025-09-09T02:38:35.723931,38.8,CHARGING
2025-09-09T02:39:31.488038,38.7,CHARGING
2025-09-09T02:40:17.249340,38.8,CHARGING
2025-09-09T02:40:32.518792,38.7,CHARGING
2025-09-09T02:41:38.694577,38.9,CHARGING
2025-09-09T02:42:04.147980,38.8,CHARGING
2025-09-09T02:42:39.769041,38.9,CHARGING
2025-09-09T02:45:17.484314,39.0,CHARGING
2025-09-09T02:45:22.569450,38.9,CHARGING
2025-09-09T02:47:09.421659,39.0,CHARGING
2025-09-09T02:47:24.667243,38.9,CHARGING
2025-09-09T02:47:39.949072,39.0,CHARGING
2025-09-09T02:48:20.667467,38.9,CHARGING
2025-09-09T02:48:25.777893,39.0,CHARGING
2025-09-09T02:48:35.950723,38.9,CHARGING
2025-09-09T02:48:46.134841,39.0,CHARGING
2025-09-09T02:49:01.405996,38.9,CHARGING
2025-09-09T02:49:11.594664,39.0,CHARGING
2025-09-09T02:49:16.688979,38.9,CHARGING
2025-09-09T02:49:21.782790,39.0,CHARGING
2025-09-09T02:54:16.925549,38.9,CHARGING
2025-09-09T02:56:38.029215,39.0,CHARGING
2025-09-09T02:57:59.480565,38.9,CHARGING
2025-09-09T02:59:20.927727,38.8,CHARGING
2025-09-09T02:59:56.539116,38.7,CHARGING
2025-09-09T03:01:02.726536,38.6,CHARGING
2025-09-09T03:01:17.987802,38.5,CHARGING
2025-09-09T03:02:24.146962,38.4,CHARGING
2025-09-09T03:03:09.965931,38.3,CHARGING
2025-09-09T03:03:20.123793,38.2,CHARGING
2025-09-09T03:04:22.137847,38.1,CHARGING
2025-09-09T03:05:02.871739,38.0,CHARGING
2025-09-09T03:05:38.475909,37.9,CHARGING
2025-09-09T03:06:24.289179,37.8,CHARGING
2025-09-09T03:07:20.281250,37.7,CHARGING
2025-09-09T03:07:45.694135,37.6,CHARGING
2025-09-09T03:08:21.307802,37.5,CHARGING
2025-09-09T03:09:17.252180,37.4,CHARGING
2025-09-09T03:10:23.344122,37.3,CHARGING
2025-09-09T03:11:18.052192,37.4,CHARGING
2025-09-09T03:11:28.195088,37.5,CHARGING
2025-09-09T03:11:37.297931,37.6,CHARGING
2025-09-09T03:12:07.705841,37.9,CHARGING
2025-09-09T03:12:22.905082,38.0,CHARGING
2025-09-09T03:12:53.249314,38.1,CHARGING
2025-09-09T03:13:38.829753,38.2,CHARGING
2025-09-09T03:15:15.407631,38.1,CHARGING
2025-09-09T03:15:25.584874,38.0,CHARGING
2025-09-09T03:16:22.028161,37.8,CHARGING
2025-09-09T03:17:23.022480,37.6,CHARGING
2025-09-09T03:17:53.555038,37.5,CHARGING
2025-09-09T03:18:18.975229,37.4,CHARGING
2025-09-09T03:19:19.996209,37.2,CHARGING
2025-09-09T03:19:50.546741,37.1,CHARGING
2025-09-09T03:20:21.097632,37.0,CHARGING
2025-09-09T03:20:51.584742,36.9,CHARGING
2025-09-09T03:21:57.697307,36.8,CHARGING
2025-09-09T03:22:07.873093,36.7,CHARGING
2025-09-09T03:23:03.808030,36.6,CHARGING
2025-09-09T03:23:24.160700,36.5,CHARGING
2025-09-09T03:24:09.939081,36.4,CHARGING
2025-09-09T03:25:16.074117,36.3,CHARGING
2025-09-09T03:25:21.168498,36.2,CHARGING
2025-09-09T03:26:22.208259,36.1,CHARGING
2025-09-09T03:26:42.563779,36.0,CHARGING
2025-09-09T03:27:28.374736,35.9,CHARGING
2025-09-09T03:28:14.177867,35.8,CHARGING
2025-09-09T03:28:54.876813,35.7,CHARGING
2025-09-09T03:30:21.337013,35.5,CHARGING
2025-09-09T03:31:47.772131,35.4,CHARGING
2025-09-09T03:32:38.679006,35.3,CHARGING
2025-09-09T03:33:19.372063,35.2,CHARGING
2025-09-09T03:33:29.572422,35.1,CHARGING
2025-09-09T03:33:55.036686,35.0,CHARGING
2025-09-09T03:34:00.122047,35.1,CHARGING
2025-09-09T03:34:05.208142,35.0,CHARGING
2025-09-09T03:35:01.204639,34.9,CHARGING
2025-09-09T03:37:03.296564,34.8,CHARGING
2025-09-09T03:45:06.759288,34.7,CHARGING
2025-09-09T03:47:34.395335,34.6,CHARGING
2025-09-09T03:48:50.679127,34.5,CHARGING
2025-09-09T03:49:26.276137,34.6,CHARGING
2025-09-09T03:51:23.274859,34.7,CHARGING
2025-09-09T03:53:20.265011,34.8,CHARGING
2025-09-09T03:55:47.892279,34.9,CHARGING
2025-09-09T03:57:24.604765,35.0,CHARGING
2025-09-09T03:59:01.261859,35.1,CHARGING
2025-09-09T04:01:13.342985,35.3,CHARGING
2025-09-09T04:01:23.456711,35.4,CHARGING
2025-09-09T04:01:43.762531,35.5,CHARGING
2025-09-09T04:02:19.274557,35.6,CHARGING
2025-09-09T04:03:20.183534,35.8,CHARGING
2025-09-09T04:04:21.237130,35.9,CHARGING
2025-09-09T04:06:23.247660,36.0,CHARGING
2025-09-09T04:07:44.667474,35.9,CHARGING
2025-09-09T04:13:10.994957,36.0,CHARGING
2025-09-09T04:14:16.931226,36.2,CHARGING
2025-09-09T04:14:22.006342,36.3,CHARGING
2025-09-09T04:15:22.828184,36.5,CHARGING
2025-09-09T04:16:23.760829,36.8,CHARGING
2025-09-09T04:16:59.274215,36.9,CHARGING
2025-09-09T04:17:24.633564,37.0,CHARGING
2025-09-09T04:18:20.430454,37.2,CHARGING
2025-09-09T04:18:35.663421,37.3,CHARGING
2025-09-09T04:19:21.795227,37.4,CHARGING
2025-09-09T04:19:42.119582,37.5,CHARGING
2025-09-09T04:20:17.596079,37.6,CHARGING
2025-09-09T04:20:48.089071,37.7,CHARGING
2025-09-09T04:27:19.774014,37.6,CHARGING
2025-09-09T04:27:24.870630,37.7,CHARGING
2025-09-09T04:28:20.848349,37.6,CHARGING
2025-09-09T04:30:38.109427,37.7,CHARGING
2025-09-09T04:31:23.765830,37.8,CHARGING
2025-09-09T04:31:44.034603,37.9,CHARGING
2025-09-09T04:32:24.659906,38.0,CHARGING
2025-09-09T04:32:34.805810,38.1,CHARGING
2025-09-09T04:33:20.513453,38.2,CHARGING
2025-09-09T04:33:50.924518,38.3,CHARGING
2025-09-09T04:34:56.921969,38.4,CHARGING
2025-09-09T04:35:22.300663,38.5,CHARGING
2025-09-09T04:36:02.909226,38.6,CHARGING
2025-09-09T04:36:23.195344,38.7,CHARGING
2025-09-09T04:37:08.892119,38.8,CHARGING
2025-09-09T04:37:24.109690,38.9,CHARGING
2025-09-09T04:38:14.863956,39.0,CHARGING
2025-09-09T04:39:20.795008,39.1,CHARGING
2025-09-09T04:40:21.658500,39.2,CHARGING
2025-09-09T04:43:24.766184,39.1,CHARGING
2025-09-09T04:45:21.772624,39.0,CHARGING
2025-09-09T04:47:23.858257,38.9,CHARGING
2025-09-09T04:49:20.855888,38.8,CHARGING
2025-09-09T04:51:17.521916,38.9,CHARGING
2025-09-09T04:51:22.591096,39.0,CHARGING
2025-09-09T04:52:08.281803,39.1,CHARGING
2025-09-09T04:53:24.351307,39.3,CHARGING
2025-09-09T04:53:29.428519,39.4,FULL
2025-09-09T04:54:20.191772,39.5,FULL
2025-09-09T04:55:21.069181,39.6,FULL
2025-09-09T04:55:36.282399,39.7,FULL
2025-09-09T04:56:47.323801,39.8,FULL
2025-09-09T04:57:53.275829,40.0,FULL
2025-09-09T04:58:49.096494,40.1,FULL
2025-09-09T04:59:24.587335,40.2,FULL
2025-09-09T05:00:15.320490,40.3,FULL
2025-09-09T05:01:16.395420,40.2,CHARGING
2025-09-09T05:02:12.338352,40.1,CHARGING
2025-09-09T05:04:24.588520,40.0,CHARGING
2025-09-09T05:07:22.560076,39.9,CHARGING
2025-09-09T05:07:37.807714,39.8,CHARGING
2025-09-09T05:08:23.609432,39.9,FULL
2025-09-09T05:09:24.604975,39.8,FULL
2025-09-09T05:10:56.520244,39.7,FULL
2025-09-09T05:13:08.784103,39.6,FULL
2025-09-09T05:14:14.886728,39.5,FULL
2025-09-09T05:17:22.996457,39.4,FULL
2025-09-09T05:19:19.920445,39.3,FULL
2025-09-09T05:20:46.382498,39.2,FULL
2025-09-09T05:22:27.972663,39.2,NOT_CHARGING
2025-09-09T05:22:33.027812,39.2,CHARGING
2025-09-09T05:22:53.365067,39.1,CHARGING
2025-09-09T05:24:00.366071,39.2,CHARGING
2025-09-09T05:25:06.471919,39.1,CHARGING
2025-09-09T05:28:11.283655,39.1,FULL
2025-09-09T05:30:23.549192,39.0,FULL
2025-09-09T05:32:45.989814,38.9,FULL
2025-09-09T05:35:59.199439,38.8,FULL
2025-09-09T05:36:24.624677,38.9,FULL
2025-09-09T05:38:11.461297,38.8,FULL
2025-09-09T05:39:17.560979,38.7,FULL
2025-09-09T05:40:23.693676,38.6,FULL
2025-09-09T05:41:24.785939,38.5,FULL
2025-09-09T05:42:20.736982,38.4,FULL
2025-09-09T05:43:21.776279,38.3,FULL
2025-09-09T05:44:22.792434,38.2,FULL
2025-09-09T05:45:23.813368,38.1,FULL
2025-09-09T05:46:35.022251,38.0,FULL
2025-09-09T05:48:01.463992,37.9,FULL
2025-09-09T05:48:21.815944,37.8,FULL
2025-09-09T05:49:02.470291,37.7,FULL
2025-09-09T05:50:23.945462,37.6,FULL
2025-09-09T05:52:20.885005,37.5,FULL
2025-09-09T05:53:21.938435,37.4,FULL
2025-09-09T05:54:48.340791,37.3,CHARGING
2025-09-09T05:56:19.873905,37.2,CHARGING
2025-09-09T05:58:22.017898,37.1,CHARGING
2025-09-09T05:58:52.538309,37.2,FULL
2025-09-09T06:00:24.086235,37.1,FULL
2025-09-09T06:02:21.082528,37.0,FULL
2025-09-09T06:05:24.098956,36.9,FULL
2025-09-09T06:07:21.076723,36.8,FULL
2025-09-09T06:08:22.100404,36.7,FULL
2025-09-09T06:10:24.150227,36.6,FULL
2025-09-09T06:11:55.745812,36.5,FULL
2025-09-09T06:13:01.841391,36.4,FULL
2025-09-09T06:13:22.199071,36.3,FULL
2025-09-09T06:14:23.242217,36.2,FULL
2025-09-09T06:15:14.060346,36.1,FULL
2025-09-09T06:16:20.198452,36.0,FULL
2025-09-09T06:17:21.231018,35.9,FULL
2025-09-09T06:18:22.267637,35.8,FULL
2025-09-09T06:18:32.436659,35.7,FULL
2025-09-09T06:20:24.295874,35.6,FULL
2025-09-09T06:20:39.598917,35.5,FULL
2025-09-09T06:22:51.858448,35.4,FULL
2025-09-09T06:22:56.927734,35.5,FULL
2025-09-09T06:23:01.983874,35.4,FULL
2025-09-09T06:23:57.917709,35.5,FULL
2025-09-09T06:24:23.352756,35.4,FULL
2025-09-09T06:26:20.219796,35.5,FULL
2025-09-09T06:28:17.264851,35.4,FULL
2025-09-09T06:34:23.407646,35.3,FULL
2025-09-09T06:37:21.366241,35.2,FULL
2025-09-09T06:38:22.301432,35.1,FULL
2025-09-09T06:40:24.326611,35.0,FULL
2025-09-09T06:42:21.346604,34.9,FULL
2025-09-09T06:43:22.363663,34.8,FULL
2025-09-09T06:44:23.402241,34.7,FULL
2025-09-09T06:47:51.844521,34.6,FULL
2025-09-09T06:48:57.993400,34.5,FULL
2025-09-09T06:51:10.233102,34.4,FULL
2025-09-09T06:51:30.597069,34.3,CHARGING
2025-09-09T06:53:22.508457,34.2,CHARGING
2025-09-09T06:53:32.676916,34.2,FULL
2025-09-09T06:55:24.640046,34.1,FULL
2025-09-09T06:56:35.868091,34.0,FULL
2025-09-09T06:58:22.707573,33.9,FULL
2025-09-09T07:01:20.525439,34.0,FULL
2025-09-09T07:02:01.109333,34.1,FULL
2025-09-09T07:03:07.049620,34.2,FULL
2025-09-09T07:03:22.274032,34.3,FULL
2025-09-09T07:04:13.031067,34.4,FULL
2025-09-09T07:05:18.998278,34.5,FULL
2025-09-09T07:05:54.552394,34.6,FULL
2025-09-09T07:06:24.918918,34.7,FULL
2025-09-09T07:07:20.664666,34.8,FULL
2025-09-09T07:08:21.563268,34.9,FULL
2025-09-09T07:09:22.705039,35.0,FULL
2025-09-09T07:10:23.607925,35.1,FULL
2025-09-09T07:11:24.641477,35.0,FULL
2025-09-09T07:12:20.600228,34.9,FULL
2025-09-09T07:12:56.176446,34.8,FULL
2025-09-09T07:14:02.329105,34.7,FULL
2025-09-09T07:15:08.464059,34.6,FULL
2025-09-09T07:16:14.628195,34.5,FULL
2025-09-09T07:17:15.684454,34.4,FULL
2025-09-09T07:18:21.842986,34.3,FULL
2025-09-09T07:19:22.832264,34.2,FULL
2025-09-09T07:20:23.761338,34.3,FULL
2025-09-09T07:21:24.644002,34.5,FULL
2025-09-09T07:22:20.461250,34.6,FULL
2025-09-09T07:23:21.319347,34.7,FULL
2025-09-09T07:24:22.205927,34.8,FULL
2025-09-09T07:25:58.550477,34.9,FULL
2025-09-09T07:26:23.913504,35.0,FULL
2025-09-09T07:27:24.765170,35.1,FULL
2025-09-09T07:29:16.385079,35.2,FULL
2025-09-09T07:30:07.116992,35.3,FULL
2025-09-09T07:31:23.234991,35.4,FULL
2025-09-09T07:32:24.119103,35.5,FULL
2025-09-09T07:33:19.966402,35.6,FULL
2025-09-09T07:34:46.194858,35.7,FULL
2025-09-09T07:35:47.071196,35.8,FULL
2025-09-09T07:36:53.038112,35.9,FULL
2025-09-09T07:38:24.437378,35.8,FULL
2025-09-09T07:39:20.365785,35.7,FULL
2025-09-09T07:40:11.179804,35.6,FULL
2025-09-09T07:42:23.343325,35.5,FULL
2025-09-09T07:43:24.334751,35.4,FULL
2025-09-09T07:44:30.418879,35.3,FULL
2025-09-09T07:45:21.192310,35.4,FULL
2025-09-09T07:46:42.498153,35.3,FULL
2025-09-09T07:48:24.170130,35.2,FULL
2025-09-09T07:50:00.717292,35.1,FULL
2025-09-09T07:50:10.862031,35.3,DISCHARGING
2025-09-09T07:59:40.705461,33.9,DISCHARGING
2025-09-09T08:00:11.215590,33.8,DISCHARGING
2025-09-09T08:10:06.377306,33.0,DISCHARGING
2025-09-09T08:10:11.462508,32.9,DISCHARGING
2025-09-09T08:10:16.533377,33.0,DISCHARGING
2025-09-09T08:20:11.722893,32.6,DISCHARGING
2025-09-09T08:30:08.780797,32.4,DISCHARGING
2025-09-09T08:40:08.984567,32.0,DISCHARGING
2025-09-09T08:48:42.630210,31.9,DISCHARGING
2025-09-09T09:00:09.748707,32.9,DISCHARGING
2025-09-09T09:03:17.259557,33.6,DISCHARGING
2025-09-09T09:03:57.786136,33.7,DISCHARGING
2025-09-09T09:05:39.547346,33.4,DISCHARGING
2025-09-09T09:09:01.971146,34.4,DISCHARGING
2025-09-09T09:09:57.788418,34.3,DISCHARGING
2025-09-09T09:10:07.930114,34.2,DISCHARGING
2025-09-09T09:12:40.103750,34.4,DISCHARGING
2025-09-09T09:12:50.235946,34.5,DISCHARGING
2025-09-09T09:20:11.780874,34.8,DISCHARGING
2025-09-09T09:23:09.504156,34.9,DISCHARGING
2025-09-09T09:23:14.579714,34.8,DISCHARGING
2025-09-09T09:30:10.530538,34.7,DISCHARGING
2025-09-09T09:33:33.306705,35.0,DISCHARGING
2025-09-09T09:40:07.879151,35.2,DISCHARGING
2025-09-09T09:53:26.209580,35.1,DISCHARGING
2025-09-09T10:13:13.481704,35.0,DISCHARGING
2025-09-09T10:20:09.092917,35.4,DISCHARGING
2025-09-09T10:21:35.355749,35.5,DISCHARGING
2025-09-09T10:28:51.478182,36.1,DISCHARGING
2025-09-09T10:37:13.302681,36.3,DISCHARGING
2025-09-09T10:40:11.244287,36.4,DISCHARGING
2025-09-09T10:44:29.264271,36.8,DISCHARGING
2025-09-09T10:49:44.193789,37.2,DISCHARGING
2025-09-09T10:50:09.424259,37.1,DISCHARGING
2025-09-09T10:59:07.141622,36.4,DISCHARGING
2025-09-09T11:00:07.987414,36.3,DISCHARGING
2025-09-09T11:03:35.883761,36.4,DISCHARGING
2025-09-09T11:10:07.109665,35.4,DISCHARGING
2025-09-09T11:17:54.769637,34.7,DISCHARGING
2025-09-09T11:20:07.086334,34.2,DISCHARGING
2025-09-09T11:28:52.825260,35.2,DISCHARGING
2025-09-09T11:30:09.073845,35.9,DISCHARGING
2025-09-09T11:32:31.046546,36.5,DISCHARGING
2025-09-09T11:37:44.325206,37.4,DISCHARGING
2025-09-09T11:40:10.268508,38.0,DISCHARGING
2025-09-09T11:41:56.836217,38.4,DISCHARGING
2025-09-09T11:42:27.237945,38.6,DISCHARGING
2025-09-09T11:46:05.504408,38.7,DISCHARGING
2025-09-09T11:50:09.156914,38.6,DISCHARGING
2025-09-09T11:51:20.179901,38.8,DISCHARGING
2025-09-09T11:51:25.251294,38.6,DISCHARGING
2025-09-09T11:57:36.024725,37.7,DISCHARGING
2025-09-09T12:00:08.393383,37.9,DISCHARGING
2025-09-09T12:03:51.854864,37.8,DISCHARGING
2025-09-09T12:07:10.111079,37.5,DISCHARGING
2025-09-09T12:10:08.111294,37.3,DISCHARGING
2025-09-09T12:11:09.100327,37.2,DISCHARGING
2025-09-09T12:18:26.329716,36.8,DISCHARGING
2025-09-09T12:21:19.165307,36.9,DISCHARGING
2025-09-09T12:23:36.813901,37.4,DISCHARGING
2025-09-09T12:26:44.954758,38.6,DISCHARGING
2025-09-09T12:26:55.051903,38.7,DISCHARGING
2025-09-09T12:30:07.332654,39.2,DISCHARGING
2025-09-09T12:35:06.546705,39.4,DISCHARGING
2025-09-09T12:39:20.017590,39.8,DISCHARGING
2025-09-09T12:43:38.327785,39.9,DISCHARGING
2025-09-09T12:47:36.523135,39.8,DISCHARGING
2025-09-09T12:50:08.405716,40.1,DISCHARGING
2025-09-09T12:51:49.678132,40.4,DISCHARGING
2025-09-09T12:51:59.817081,40.3,DISCHARGING
2025-09-09T12:57:03.951436,39.9,DISCHARGING
2025-09-09T13:00:07.065893,38.7,DISCHARGING
2025-09-09T13:00:22.334447,38.8,DISCHARGING
2025-09-09T13:05:01.277912,37.7,DISCHARGING
2025-09-09T13:06:43.072913,37.3,DISCHARGING
2025-09-09T13:07:43.870716,37.2,DISCHARGING
2025-09-09T13:08:29.447194,37.1,DISCHARGING
2025-09-09T13:10:10.890778,36.9,DISCHARGING
2025-09-09T13:13:39.456600,36.3,DISCHARGING
2025-09-09T13:17:18.114410,35.6,DISCHARGING
2025-09-09T13:18:08.883264,35.5,DISCHARGING
2025-09-09T13:18:59.524606,35.6,DISCHARGING
2025-09-09T13:24:09.307635,35.9,DISCHARGING
2025-09-09T13:30:09.897345,36.4,DISCHARGING
2025-09-09T13:35:39.950819,36.8,DISCHARGING
2025-09-09T13:40:09.104104,37.1,DISCHARGING
2025-09-09T13:41:55.755463,37.2,DISCHARGING
2025-09-09T13:47:05.266645,37.4,DISCHARGING
2025-09-09T13:47:25.530868,37.5,DISCHARGING
2025-09-09T13:50:08.420831,37.0,DISCHARGING
2025-09-09T13:59:46.719419,36.2,DISCHARGING
2025-09-09T14:00:06.983335,36.1,DISCHARGING
2025-09-09T14:00:32.357930,36.2,DISCHARGING
2025-09-09T14:00:42.478657,35.8,DISCHARGING
2025-09-09T14:00:52.760499,35.9,DISCHARGING
2025-09-09T14:03:50.039214,36.8,DISCHARGING
2025-09-09T14:05:56.647537,37.4,DISCHARGING
2025-09-09T14:06:01.718809,37.5,DISCHARGING
2025-09-09T14:10:10.230795,38.0,DISCHARGING
2025-09-09T14:15:19.694115,38.8,DISCHARGING
2025-09-09T14:20:08.962480,38.4,DISCHARGING
2025-09-09T14:20:29.261893,38.3,DISCHARGING
2025-09-09T14:20:34.304781,38.4,DISCHARGING
2025-09-09T14:25:43.583701,37.8,DISCHARGING
2025-09-09T14:30:58.066259,37.9,DISCHARGING
2025-09-09T14:32:27.071565,38.2,DISCHARGING
2025-09-09T14:32:32.137877,38.3,DISCHARGING
2025-09-09T14:34:03.451241,38.4,DISCHARGING
2025-09-09T14:39:18.315432,37.7,DISCHARGING
2025-09-09T14:40:09.137259,37.6,DISCHARGING
2025-09-09T14:42:26.168537,37.7,DISCHARGING
2025-09-09T14:45:54.259588,37.5,DISCHARGING
2025-09-09T14:50:08.613402,36.8,DISCHARGING
2025-09-09T14:51:09.613504,36.7,DISCHARGING
2025-09-09T14:51:46.505219,36.8,DISCHARGING
2025-09-09T14:56:00.762054,37.1,DISCHARGING
2025-09-09T14:57:31.892937,37.3,DISCHARGING
2025-09-09T15:00:09.596648,36.3,DISCHARGING
2025-09-09T15:01:10.506965,36.2,DISCHARGING
2025-09-09T15:08:31.558774,36.7,DISCHARGING
2025-09-09T15:08:41.726282,36.8,DISCHARGING
2025-09-09T15:10:07.912698,37.0,DISCHARGING
2025-09-09T15:11:39.008389,37.7,DISCHARGING
2025-09-09T15:13:45.588570,38.4,DISCHARGING
2025-09-09T15:15:48.220509,39.6,DISCHARGING
2025-09-09T15:18:55.509187,39.7,DISCHARGING
2025-09-09T15:23:08.984433,40.0,DISCHARGING
2025-09-09T15:25:10.602089,40.1,DISCHARGING
2025-09-09T15:29:24.173711,39.8,DISCHARGING
2025-09-09T15:29:29.234696,39.9,DISCHARGING
2025-09-09T15:30:09.696613,40.0,DISCHARGING
2025-09-09T15:31:25.624703,40.2,DISCHARGING
2025-09-09T15:31:30.671781,40.3,DISCHARGING
2025-09-09T15:34:37.963104,40.1,DISCHARGING
2025-09-09T15:37:45.133288,40.4,DISCHARGING
2025-09-09T15:40:07.135990,40.1,DISCHARGING
2025-09-09T15:40:52.687996,40.4,DISCHARGING
2025-09-09T15:40:57.737023,40.3,DISCHARGING
2025-09-09T15:42:54.000452,40.7,DISCHARGING
2025-09-09T15:42:59.061661,40.8,DISCHARGING
2025-09-09T15:43:59.845475,41.2,DISCHARGING
2025-09-09T15:48:08.171609,40.7,DISCHARGING
2025-09-09T15:50:09.824848,40.9,DISCHARGING
2025-09-09T15:51:15.767514,40.6,DISCHARGING
2025-09-09T15:54:23.297525,40.4,DISCHARGING
2025-09-09T15:54:33.417057,40.3,DISCHARGING
2025-09-09T15:56:30.008404,40.1,DISCHARGING
2025-09-09T15:59:38.168549,40.0,DISCHARGING
2025-09-09T16:00:08.602797,40.2,DISCHARGING
2025-09-09T16:02:45.949985,39.8,DISCHARGING
2025-09-09T16:05:53.815889,39.6,DISCHARGING
2025-09-09T16:09:01.472963,39.8,DISCHARGING
2025-09-09T16:10:02.256593,40.1,DISCHARGING
2025-09-09T16:10:07.320050,40.0,DISCHARGING
2025-09-09T16:13:09.590625,40.3,DISCHARGING
2025-09-09T16:15:31.623601,40.1,DISCHARGING
2025-09-09T16:15:36.669891,40.2,DISCHARGING
2025-09-09T16:16:32.237318,40.9,DISCHARGING
2025-09-09T16:16:37.317359,40.8,DISCHARGING
2025-09-09T16:17:07.724724,40.9,DISCHARGING
2025-09-09T16:17:27.999074,40.6,DISCHARGING
2025-09-09T16:20:10.326237,39.6,DISCHARGING
2025-09-09T16:23:12.927621,38.9,DISCHARGING
2025-09-09T16:24:44.237156,38.7,DISCHARGING
2025-09-09T16:26:30.569881,38.6,DISCHARGING
2025-09-09T16:29:27.881002,38.3,DISCHARGING
2025-09-09T16:30:08.383421,38.4,DISCHARGING
2025-09-09T16:30:28.643528,38.6,DISCHARGING
2025-09-09T16:33:36.192453,38.9,DISCHARGING
2025-09-09T16:33:41.246868,39.0,DISCHARGING
2025-09-09T16:35:32.739954,38.8,DISCHARGING
2025-09-09T16:37:59.741472,38.9,DISCHARGING
2025-09-09T16:40:06.567253,39.0,DISCHARGING
2025-09-09T16:42:38.585492,39.1,DISCHARGING
2025-09-09T16:46:47.183732,38.9,DISCHARGING
2025-09-09T16:48:59.100148,38.8,DISCHARGING
2025-09-09T16:50:10.157960,38.6,DISCHARGING
2025-09-09T16:53:23.297158,38.3,CHARGING
2025-09-09T16:53:28.440933,38.1,CHARGING
2025-09-09T16:53:48.716153,38.0,CHARGING
2025-09-09T16:54:19.203372,38.1,CHARGING
2025-09-09T16:55:20.236426,38.0,CHARGING
2025-09-09T16:55:40.574090,37.9,CHARGING
2025-09-09T16:55:55.828572,37.8,CHARGING
2025-09-09T16:56:21.217364,37.7,CHARGING
2025-09-09T16:56:31.386321,37.6,CHARGING
2025-09-09T16:57:12.055446,37.7,CHARGING
2025-09-09T16:57:47.640792,37.6,CHARGING
2025-09-09T16:59:19.099732,37.5,CHARGING
2025-09-09T17:00:19.893348,37.3,CHARGING
2025-09-09T17:01:20.682317,37.2,CHARGING
2025-09-09T17:01:30.815381,37.3,CHARGING
2025-09-09T17:02:21.560739,37.1,CHARGING
2025-09-09T17:04:18.148869,37.2,CHARGING
2025-09-09T17:04:23.213050,37.3,CHARGING
2025-09-09T17:04:33.350383,37.2,CHARGING
2025-09-09T17:05:13.941164,37.3,CHARGING
2025-09-09T17:05:39.331367,37.4,CHARGING
2025-09-09T17:05:59.628629,37.6,CHARGING
2025-09-09T17:06:19.894986,37.5,CHARGING
2025-09-09T17:07:15.618355,37.6,CHARGING
2025-09-09T17:08:26.581297,37.7,CHARGING
2025-09-09T17:08:51.941690,37.6,CHARGING
2025-09-09T17:10:23.293162,37.5,CHARGING
2025-09-09T17:10:38.526092,37.6,CHARGING
2025-09-09T17:11:03.926327,37.5,CHARGING
2025-09-09T17:11:44.518500,37.6,CHARGING
2025-09-09T17:12:35.254945,37.5,CHARGING
2025-09-09T17:12:45.423127,37.4,CHARGING
2025-09-09T17:13:00.708257,37.5,CHARGING
2025-09-09T17:13:05.791616,37.6,CHARGING
2025-09-09T17:14:27.195450,37.7,CHARGING
2025-09-09T17:14:42.463814,37.6,CHARGING
2025-09-09T17:15:23.159523,37.7,CHARGING
2025-09-09T17:16:24.212600,37.6,CHARGING
2025-09-09T17:16:54.755511,37.8,CHARGING
2025-09-09T17:16:59.855429,37.9,CHARGING
2025-09-09T17:17:50.708597,38.0,CHARGING
2025-09-09T17:18:21.227870,38.1,CHARGING
2025-09-09T17:19:22.291255,38.2,CHARGING
2025-09-09T17:19:37.479208,38.3,CHARGING
2025-09-09T17:19:58.283851,38.1,CHARGING
2025-09-09T17:20:13.520593,38.2,CHARGING
2025-09-09T17:20:49.045781,38.3,CHARGING
2025-09-09T17:21:14.429660,38.4,CHARGING
2025-09-09T17:21:19.514723,38.3,CHARGING
2025-09-09T17:22:05.269725,38.4,CHARGING
2025-09-09T17:22:10.340303,38.3,CHARGING
2025-09-09T17:23:16.385451,38.5,CHARGING
2025-09-09T17:24:12.314635,38.6,CHARGING
2025-09-09T17:24:22.483709,38.7,CHARGING
2025-09-09T17:25:33.704684,38.8,CHARGING
2025-09-09T17:26:14.435345,38.9,CHARGING
2025-09-09T17:26:19.531827,38.8,CHARGING
2025-09-09T17:26:39.882611,38.9,CHARGING
2025-09-09T17:27:45.990995,39.0,CHARGING
2025-09-09T17:28:52.077224,39.1,CHARGING
2025-09-09T17:29:02.236690,39.0,CHARGING
2025-09-09T17:29:12.426425,39.1,CHARGING
2025-09-09T17:29:58.153255,39.2,CHARGING
2025-09-09T17:30:07.282819,39.3,CHARGING
2025-09-09T17:30:17.410783,39.2,CHARGING
2025-09-09T17:30:22.479877,39.1,CHARGING
2025-09-09T17:31:03.083504,39.3,CHARGING
2025-09-09T17:31:18.276413,39.4,CHARGING
2025-09-09T17:32:08.950010,39.5,CHARGING
2025-09-09T17:32:19.105713,39.4,CHARGING
2025-09-09T17:32:44.502028,39.5,CHARGING
2025-09-09T17:33:15.003692,39.4,CHARGING
2025-09-09T17:35:17.137605,39.5,CHARGING
2025-09-09T17:35:57.859759,39.4,CHARGING
2025-09-09T17:36:08.056931,39.5,CHARGING
2025-09-09T17:36:23.306601,39.4,CHARGING
2025-09-09T17:36:28.401295,39.5,CHARGING
2025-09-09T17:36:33.498745,39.4,CHARGING
2025-09-09T17:36:58.892741,39.5,CHARGING
2025-09-09T17:37:03.941896,39.6,CHARGING
2025-09-09T17:37:19.106328,39.5,CHARGING
2025-09-09T17:37:49.403102,39.4,CHARGING
2025-09-09T17:38:04.535649,39.5,CHARGING
2025-09-09T17:38:14.653572,39.4,CHARGING
2025-09-09T17:39:30.478529,39.5,CHARGING
2025-09-09T17:39:50.780377,39.6,CHARGING
2025-09-09T17:40:56.628910,39.7,CHARGING
2025-09-09T17:43:03.043402,39.8,CHARGING
2025-09-09T17:44:08.709433,40.0,CHARGING
2025-09-09T17:44:18.794291,40.1,CHARGING
2025-09-09T17:45:33.635580,40.2,CHARGING
2025-09-09T17:45:58.912734,40.1,CHARGING
2025-09-09T17:46:03.995821,40.2,CHARGING
2025-09-09T17:46:19.156110,40.1,CHARGING
2025-09-09T17:47:14.930829,40.0,CHARGING
2025-09-09T17:48:05.630373,39.7,CHARGING
2025-09-09T17:48:15.787072,39.8,CHARGING
2025-09-09T17:48:20.851557,39.7,CHARGING
2025-09-09T17:49:21.673912,39.5,CHARGING
2025-09-09T17:49:36.890812,39.4,CHARGING
2025-09-09T17:50:12.427470,39.3,CHARGING
2025-09-09T17:50:22.582125,39.2,CHARGING
2025-09-09T17:51:23.464753,39.0,CHARGING
2025-09-09T17:51:28.539996,39.1,CHARGING
2025-09-09T17:51:48.804921,39.0,CHARGING
2025-09-09T17:52:04.023576,38.9,CHARGING
2025-09-09T17:52:54.745011,38.8,CHARGING
2025-09-09T17:53:20.090633,38.7,CHARGING
2025-09-09T17:54:00.681750,38.6,CHARGING
2025-09-09T17:54:20.964102,38.5,CHARGING
2025-09-09T17:55:06.625437,38.4,CHARGING
2025-09-09T17:56:07.549239,38.3,CHARGING
2025-09-09T17:56:27.880806,38.4,CHARGING
2025-09-09T17:57:13.528122,38.3,CHARGING
2025-09-09T17:59:40.567359,38.2,CHARGING
2025-09-09T17:59:55.815487,38.3,CHARGING
2025-09-09T18:01:22.718860,38.4,CHARGING
2025-09-09T18:01:37.918327,38.3,CHARGING
2025-09-09T18:02:23.584932,38.2,CHARGING
2025-09-09T18:03:49.744422,38.1,CHARGING
2025-09-09T18:04:04.949893,38.2,CHARGING
2025-09-09T18:06:21.840671,38.1,CHARGING
2025-09-09T18:06:37.057452,38.2,CHARGING
2025-09-09T18:07:02.451697,38.1,CHARGING
2025-09-09T18:09:19.411483,38.0,CHARGING
2025-09-09T18:10:20.224549,38.2,CHARGING
2025-09-09T18:10:25.292759,38.3,CHARGING
2025-09-09T18:11:00.826292,38.4,CHARGING
2025-09-09T18:12:11.980275,38.6,CHARGING
2025-09-09T18:12:17.062946,39.0,DISCHARGING
2025-09-09T18:12:22.117670,39.1,DISCHARGING
2025-09-09T18:22:17.413763,37.2,DISCHARGING
2025-09-09T18:24:14.433493,36.8,DISCHARGING
2025-09-09T18:28:54.251722,35.1,DISCHARGING
2025-09-09T18:30:55.715293,35.8,DISCHARGING
2025-09-09T18:31:56.478857,36.3,DISCHARGING
2025-09-09T18:32:01.529932,36.4,DISCHARGING
2025-09-09T18:32:16.752536,36.5,DISCHARGING
2025-09-09T18:37:22.704678,36.6,DISCHARGING
2025-09-09T18:48:48.291421,36.7,DISCHARGING
2025-09-09T18:57:11.435280,35.9,DISCHARGING
2025-09-09T18:59:13.310968,36.0,DISCHARGING
2025-09-09T18:59:54.340707,36.5,DISCHARGING
2025-09-09T19:00:04.471857,36.4,DISCHARGING
2025-09-09T19:00:14.597114,36.3,DISCHARGING
2025-09-09T19:02:16.355622,35.7,DISCHARGING
2025-09-09T19:10:03.453157,35.4,DISCHARGING
2025-09-09T19:12:15.423156,35.5,DISCHARGING
2025-09-09T19:12:25.559117,35.7,DISCHARGING
2025-09-09T19:12:30.607833,35.6,DISCHARGING
2025-09-09T19:18:05.749407,33.0,DISCHARGING
2025-09-09T19:19:01.401149,33.2,DISCHARGING
2025-09-09T19:20:12.393112,33.3,DISCHARGING
2025-09-09T19:22:19.289081,32.9,DISCHARGING
2025-09-09T19:23:31.037634,32.8,DISCHARGING
2025-09-09T19:24:16.643219,32.9,DISCHARGING
2025-09-09T19:26:48.666990,33.5,DISCHARGING
2025-09-09T19:32:18.720164,33.7,DISCHARGING
2025-09-09T19:33:24.723836,33.9,DISCHARGING
2025-09-09T19:33:39.902894,34.0,DISCHARGING
2025-09-09T19:33:45.005753,34.2,DISCHARGING
2025-09-09T19:35:44.327329,34.7,DISCHARGING
2025-09-09T19:38:51.291282,36.0,DISCHARGING
2025-09-09T19:39:01.409403,36.1,DISCHARGING
2025-09-09T19:40:57.854697,37.2,DISCHARGING
2025-09-09T19:41:28.168198,37.4,DISCHARGING
2025-09-09T19:42:18.935253,37.3,DISCHARGING
2025-09-09T19:49:20.216537,37.5,DISCHARGING
2025-09-09T19:51:26.933469,38.2,DISCHARGING
2025-09-09T19:52:17.597199,38.6,DISCHARGING
2025-09-09T19:53:28.516654,39.1,DISCHARGING
2025-09-09T19:55:35.154438,39.7,DISCHARGING
2025-09-09T19:58:42.628126,40.1,DISCHARGING
2025-09-09T19:58:47.687894,40.2,DISCHARGING
2025-09-09T20:02:15.607619,39.5,DISCHARGING
2025-09-09T20:02:51.131604,39.1,DISCHARGING
2025-09-09T20:05:58.801699,37.8,DISCHARGING
2025-09-09T20:07:04.583785,38.1,DISCHARGING
2025-09-09T20:12:19.006056,36.8,DISCHARGING
2025-09-09T20:14:20.816648,36.3,DISCHARGING
2025-09-09T20:18:34.079832,35.3,DISCHARGING
2025-09-09T20:20:35.640882,35.2,DISCHARGING
2025-09-09T20:22:17.079312,34.9,DISCHARGING
2025-09-09T20:23:43.274776,34.7,DISCHARGING
2025-09-09T20:23:53.430034,34.8,DISCHARGING
2025-09-09T20:31:05.450456,33.4,DISCHARGING
2025-09-09T20:32:16.622867,33.1,DISCHARGING
2025-09-09T20:37:21.634578,32.6,DISCHARGING
2025-09-09T20:37:57.274061,32.7,DISCHARGING
2025-09-09T20:40:19.572882,32.5,DISCHARGING
2025-09-09T20:42:16.513321,32.1,DISCHARGING
2025-09-09T20:44:38.862468,32.0,DISCHARGING
2025-09-09T20:50:55.070170,31.8,DISCHARGING
2025-09-09T20:51:00.151156,31.9,DISCHARGING
2025-09-09T20:52:16.423497,31.7,DISCHARGING
2025-09-09T21:00:44.899011,31.8,DISCHARGING
2025-09-09T21:02:16.394260,31.7,DISCHARGING
2025-09-09T21:04:28.576248,31.9,DISCHARGING
2025-09-09T21:04:38.687609,32.0,DISCHARGING
2025-09-09T21:06:30.609103,32.1,DISCHARGING
2025-09-09T21:06:55.903534,32.2,DISCHARGING
2025-09-09T21:08:37.526013,32.5,DISCHARGING
2025-09-09T21:08:47.671048,32.6,DISCHARGING
2025-09-09T21:09:02.902210,32.7,DISCHARGING
2025-09-09T21:11:50.598633,32.5,DISCHARGING
2025-09-09T21:12:15.993880,32.4,DISCHARGING
2025-09-09T21:21:09.956577,31.4,DISCHARGING
2025-09-09T21:21:25.198350,31.3,DISCHARGING
2025-09-09T21:28:27.496671,30.9,DISCHARGING
2025-09-09T21:29:08.169618,31.0,DISCHARGING
2025-09-09T21:29:13.257242,30.8,DISCHARGING
2025-09-09T21:31:45.956335,30.7,DISCHARGING
2025-09-09T21:32:26.483885,30.8,DISCHARGING
2025-09-09T21:33:07.189424,30.9,DISCHARGING
2025-09-09T21:33:37.528117,31.0,DISCHARGING
2025-09-09T21:33:52.803450,31.1,DISCHARGING
2025-09-09T21:36:15.277109,31.0,DISCHARGING
2025-09-09T21:37:51.812681,31.7,DISCHARGING
2025-09-09T21:40:59.642947,32.5,DISCHARGING
2025-09-09T21:42:15.528064,33.2,DISCHARGING
2025-09-09T21:45:22.861209,33.9,DISCHARGING
2025-09-09T21:46:08.361700,34.2,DISCHARGING
2025-09-09T21:46:28.526531,34.4,DISCHARGING
2025-09-09T21:49:56.560951,33.9,DISCHARGING
2025-09-09T21:50:06.714951,33.8,DISCHARGING
2025-09-09T21:52:18.630665,33.6,DISCHARGING
2025-09-09T21:52:49.052941,33.7,DISCHARGING
2025-09-09T21:57:03.111878,33.6,DISCHARGING
2025-09-09T21:59:05.031937,34.0,DISCHARGING
2025-09-09T22:02:17.735507,34.2,DISCHARGING
2025-09-09T22:04:34.708349,34.3,DISCHARGING
2025-09-09T22:06:36.453904,34.5,DISCHARGING
2025-09-09T22:07:22.025527,34.6,DISCHARGING
2025-09-09T22:08:28.006910,34.7,CHARGING
2025-09-09T22:08:33.196361,34.1,CHARGING
2025-09-09T22:08:53.472454,34.8,CHARGING
2025-09-09T22:09:08.735428,35.5,CHARGING
2025-09-09T22:09:13.837296,35.6,CHARGING
2025-09-09T22:09:23.977905,36.1,CHARGING
2025-09-09T22:09:29.047018,36.3,CHARGING
2025-09-09T22:09:34.157496,36.5,CHARGING
2025-09-09T22:10:19.724136,36.9,CHARGING
2025-09-09T22:10:35.072324,36.8,CHARGING
2025-09-09T22:11:25.660370,36.9,CHARGING
2025-09-09T22:11:40.855487,37.0,CHARGING
2025-09-09T22:12:26.492513,37.2,CHARGING
2025-09-09T22:12:46.742135,37.5,CHARGING
2025-09-09T22:13:27.570286,37.6,CHARGING
2025-09-09T22:13:52.895632,37.9,CHARGING
2025-09-09T22:14:28.353709,38.1,CHARGING
2025-09-09T22:14:58.751266,38.3,CHARGING
2025-09-09T22:15:29.121780,38.5,CHARGING
2025-09-09T22:15:34.198875,38.6,CHARGING
2025-09-09T22:15:39.274982,38.7,CHARGING
2025-09-09T22:16:04.893791,38.8,CHARGING
2025-09-09T22:16:20.177659,39.0,CHARGING
2025-09-09T22:17:05.933860,39.2,CHARGING
2025-09-09T22:17:11.156164,39.3,CHARGING
2025-09-09T22:17:26.881564,39.4,CHARGING
2025-09-09T22:17:57.389291,39.5,CHARGING
2025-09-09T22:18:38.125239,39.6,CHARGING
2025-09-09T22:19:18.790278,39.8,CHARGING
2025-09-09T22:19:28.940209,39.7,CHARGING
2025-09-09T22:20:24.591675,39.8,CHARGING
2025-09-09T22:20:29.656525,40.0,CHARGING
2025-09-09T22:20:34.739692,39.8,CHARGING
2025-09-09T22:21:25.577974,40.1,CHARGING
2025-09-09T22:22:26.386362,40.2,CHARGING
2025-09-09T22:23:27.210461,40.4,CHARGING
2025-09-09T22:24:27.949177,40.3,CHARGING
2025-09-09T22:24:48.307094,40.4,CHARGING
2025-09-09T22:25:54.166695,40.5,CHARGING
2025-09-09T22:26:24.735070,40.6,CHARGING
2025-09-09T22:27:00.349544,40.8,CHARGING
2025-09-09T22:27:05.433908,40.9,CHARGING
2025-09-09T22:28:06.460883,41.2,CHARGING
2025-09-09T22:29:07.905414,41.3,CHARGING
2025-09-09T22:30:13.651434,41.5,CHARGING
2025-09-09T22:30:28.830324,41.4,CHARGING
2025-09-09T22:30:59.198364,41.5,CHARGING
2025-09-09T22:31:19.465304,41.4,CHARGING
2025-09-09T22:31:24.530457,41.5,CHARGING
2025-09-09T22:31:34.852798,41.6,CHARGING
2025-09-09T22:32:25.533343,42.0,CHARGING
2025-09-09T22:33:26.240170,42.1,CHARGING
2025-09-09T22:35:29.257119,42.2,CHARGING
2025-09-09T22:36:30.530046,42.4,CHARGING
2025-09-09T22:36:35.643502,42.2,CHARGING
2025-09-09T22:36:45.751593,42.3,CHARGING
2025-09-09T22:37:26.204494,42.1,CHARGING
2025-09-09T22:40:02.947193,42.2,CHARGING
2025-09-09T22:41:08.739487,42.4,CHARGING
2025-09-09T22:41:39.118143,42.5,CHARGING
2025-09-09T22:42:14.548208,42.7,CHARGING
2025-09-09T22:43:00.137237,42.9,CHARGING
2025-09-09T22:43:20.379679,43.0,CHARGING
2025-09-09T22:44:26.177782,43.2,CHARGING
2025-09-09T22:45:26.933530,43.5,CHARGING
2025-09-09T22:46:27.715253,43.8,CHARGING
2025-09-09T22:46:53.013783,44.0,CHARGING
2025-09-09T22:47:28.425150,44.1,CHARGING
2025-09-09T22:48:29.126456,44.3,CHARGING
2025-09-09T22:48:49.366409,44.4,CHARGING
2025-09-09T22:49:55.175818,44.5,CHARGING
2025-09-09T22:50:25.539675,44.6,CHARGING
2025-09-09T22:51:26.288213,44.7,CHARGING
2025-09-09T22:52:26.993078,44.9,CHARGING
2025-09-09T22:53:07.470549,45.2,CHARGING
2025-09-09T22:53:12.535890,45.0,CHARGING
2025-09-09T22:54:13.264723,45.1,CHARGING
2025-09-09T22:54:28.436394,45.2,CHARGING
2025-09-09T22:55:19.046060,45.4,CHARGING
2025-09-09T22:55:29.178108,45.6,DISCHARGING
2025-09-09T22:55:49.439066,45.0,CHARGING
2025-09-09T22:55:54.621133,44.9,CHARGING
2025-09-09T22:55:59.672060,44.7,CHARGING
2025-09-09T22:56:19.888586,44.2,CHARGING
2025-09-09T22:56:50.235114,43.9,CHARGING
2025-09-09T22:56:55.292002,44.2,CHARGING
2025-09-09T22:57:00.331666,43.8,CHARGING
2025-09-09T22:57:50.939167,43.4,CHARGING
2025-09-09T22:58:01.052202,43.5,CHARGING
2025-09-09T22:58:31.422191,42.6,CHARGING
2025-09-09T22:58:51.696401,41.5,CHARGING
2025-09-09T22:59:06.857376,41.4,CHARGING
2025-09-09T22:59:37.199154,42.5,CHARGING
2025-09-09T22:59:42.269186,42.7,CHARGING
2025-09-09T22:59:52.391450,42.8,CHARGING
2025-09-09T23:00:12.679766,42.5,CHARGING
2025-09-09T23:00:53.128448,42.1,CHARGING
2025-09-09T23:01:18.453454,41.5,CHARGING
2025-09-09T23:01:53.860610,41.3,CHARGING
2025-09-09T23:03:29.926479,41.4,CHARGING
2025-09-09T23:03:50.155661,41.1,CHARGING
2025-09-09T23:04:35.723486,40.8,CHARGING
2025-09-09T23:04:50.909580,40.9,CHARGING
2025-09-09T23:05:26.318521,40.6,CHARGING
2025-09-09T23:05:41.509175,40.5,CHARGING
2025-09-09T23:05:51.628287,40.4,CHARGING
2025-09-09T23:06:42.262044,40.3,CHARGING
2025-09-09T23:06:52.355460,40.2,CHARGING
2025-09-09T23:08:53.815793,40.8,CHARGING
